<?xml version="1.0" encoding="UTF-8"?>
<?xml-model href="http://www.tei-c.org/release/xml/tei/custom/schema/relaxng/tei_all.rng" type="application/xml"
	schematypens="http://purl.oclc.org/dsdl/schematron"?>
<?xml-model href="out/tei_all.rng" type="application/xml" schematypens="http://relaxng.org/ns/structure/1.0"?>
<TEI xmlns="http://www.tei-c.org/ns/1.0">
   <teiHeader xml:lang="en">
      <fileDesc>
         <titleStmt>
            <title>"Ballad of Booker T.,"</title>
         </titleStmt>
         <publicationStmt>
            <p><bibl><publisher>Drafts of Langston Hughes's poem "Ballad of Booker T.,"</publisher>
                  <author>by Langston Hughes,</author>
                  <date when="1941-06-01">June 1st of 1941</date></bibl></p>
         </publicationStmt>
         <sourceDesc>
            <p>(<name>Langston Hughes</name> Collection) Manuscript Division, Library of Congress,
               Washington, D.C</p>
         </sourceDesc>
      </fileDesc>
   </teiHeader>
   <text>
      <body>
         <figure>
            <graphic url="locStamp.png">
               <desc>Library of Congress</desc>
            </graphic>
         </figure>
         <p><l><name>Booker T.</name></l>
            <l> Was a practical man.</l>
            <q who="Booker T"><l>He said, Till the soil</l>
               <l> And learn from the land.</l>
               <l>Let down your bucket</l>
               <l> Where you are.</l>
               <l>Your fate is here</l>
               <l>And not afar.</l>
               <l>To help yourself</l>
               <l>And your fellow man,</l>
               <l>Train your head,</l>
               <l>Your heart, and your hand.</l>
               <l>For smartness alone's</l>
               <l>Surely not meet—</l>
               <l> If you haven't at the same time</l>
               <l>Got something to eat.</l></q>
            <l>Thus at Tuskegee</l>
            <l>He built a school</l>
            <l> With book-learning there</l>
            <l> And the workman's tool.</l>
            <l> He started out</l>
            <l> In a simple way—</l>
            <l> For yesterday</l>
            <l>Was not today.</l>
            <l>Sometimes he had</l>
            <l>Compromise in his talk—</l>
            <l>For a man must crawl</l>
            <l>Before he can walk—</l>
            <l>And in Alabama in '85</l>
            <l> A joker was lucky</l>
            <l>To be alive.</l>
            <l> But Booker T.</l>
            <l>Was nobody's fool:</l>
            <l>You may carve a dream</l>
            <l>With an humble tool.</l>
            <l>The tallest tower</l>
            <l> Can tumble down</l>
            <l>If it be not rooted</l>
            <l> In solid ground.</l>
            <l> So, being a far-seeing</l>
            <l>Education and Outreach Division</l>
            <l>Practical man,</l>
            <l>He said, Train your head,</l>
            <l> Your heart, and your hand.</l>
            <l>Your fate is here</l>
            <l>And not afar,</l>
            <l> So let down your bucket</l>
            <l> Where you are.</l></p>
         <closer>
            <signed hand="written" >LANGSTON HUGHES</signed></closer>
         <!--Im very bad at TEI and dont quite understand it.. I have read the sources provided but Im still not grasping it very well. Its like an uphill battle like you were sayoingin class.-->
      </body>
   </text>
</TEI>
